target,model,MAE,RMSE,R2
temperature_2m,RandomForest,0.8572905258505912,1.1525009920118943,0.9199369727146025
shortwave_radiation,RandomForest,30.364975025549576,65.99070218830431,0.9527351852102864
wind_speed_10m,RandomForest,2.3973238216186306,3.1108653355158293,0.6964659432986886
