model,Accuracy,Precision,Recall,F1,ROC_AUC
RandomForest,0.796023208026109,0.40719185200582,0.7892828364222402,0.537227478403949,0.874111463744879
